{
  "oc_2b8d9d44412bb7e9a212a299f57d94c3": {
    "added": 1776995444.04163,
    "label": "ou_8dceb2217p2p",
    "auto": true,
    "interval": 10,
    "last_checked": 1777052762.167722,
    "silent_ticks": 0
  },
  "oc_b9b3e73e28cae9720dabacd95ac26cde": {
    "added": 1777001084.278024,
    "label": "ou_8dceb2217\u7fa4",
    "auto": true,
    "interval": 10,
    "last_checked": 1777074712.863916,
    "silent_ticks": 12
  },
  "oc_d5f964e7890c9d419f8a6e43a9e1092d": {
    "added": 1777003484.405737,
    "label": "ou_921b89eca\u7fa4",
    "auto": true,
    "interval": 10,
    "last_checked": 1777074712.863916,
    "silent_ticks": 12
  }
}