{
  "oc_2b8d9d44412bb7e9a212a299f57d94c3": {
    "added": 1776995444.04163,
    "label": "ou_8dceb2217p2p",
    "auto": true,
    "interval": 10,
    "last_checked": 1777241123.6629462,
    "silent_ticks": 0
  },
  "oc_b9b3e73e28cae9720dabacd95ac26cde": {
    "added": 1777001084.278024,
    "label": "ou_8dceb2217\u7fa4",
    "auto": true,
    "interval": 10,
    "last_checked": 1777240523.629204,
    "silent_ticks": 20
  },
  "oc_d5f964e7890c9d419f8a6e43a9e1092d": {
    "added": 1777003484.405737,
    "label": "ou_921b89eca\u7fa4",
    "auto": true,
    "interval": 10,
    "last_checked": 1777236923.3375168,
    "silent_ticks": 17
  },
  "oc_d74e8b07162953a2dcc70a77b4928aa2": {
    "added": 1777086078.1253002,
    "label": "ou_8dceb2217\u7fa4",
    "auto": true,
    "interval": 10,
    "last_checked": 1777240523.629204,
    "silent_ticks": 20
  },
  "oc_edb582364f3d14e8e382d75024917cde": {
    "added": 1777092510.1552477,
    "label": "ou_12fca242b\u7fa4",
    "auto": true,
    "interval": 10,
    "last_checked": 1777235723.2572656,
    "silent_ticks": 16
  },
  "o9cq807WCN5j37BiKpBq0kAEIXhE@im.wechat": {
    "added": 1777141180.4548354,
    "label": "wechat:o9cq807WCN5j",
    "auto": true,
    "interval": 10,
    "last_checked": 1777240883.6500664,
    "silent_ticks": 0
  }
}